Reform,Budgetary Impact
Expanded CTC,171321419211.7168
Cap SALT deduction,-111908386796.91602
Repeal Dependent Exemptions,-54457299045.04492
Repeal Head of Household,-19780394928.972656
Repeal child CDCC,-5119709489.902344
Reform EITC,-4264696186.779297
