Reform,Budgetary Impact
Expanded CTC,-170040907120.6709
Cap SALT deduction,111097682126.43408
Repeal Dependent Exemptions,53862839083.35889
Repeal Head of Household,17180278306.75586
Repeal child CDCC,4588731298.29834
Reform EITC,3605945303.970703
