Year,Budgetary Impact
2025,0
2026,-20294568998.146973
2027,-27519058939.71289
2028,-35500160148.7959
2029,-43892560912.44922
2030,-53562510630.19922
2031,-63793533699.96484
2032,-74739491516.30762
2033,-86013381704.12305
2034,-99611870329.17383
