Year,Budgetary Impact
2025,0
2026,-20355687654.62451
2027,-27219628801.96338
2028,-34894157357.45801
2029,-42979259662.168945
2030,-52342732940.757324
2031,-62297257366.75781
2032,-72974482833.56055
2033,-83969890792.28125
2034,-97289695268.20312
