,Static Impact,Dynamic Impact
2026,-6718185291.267578,-21614716472.847168
2027,-6672082783.845703,-18263808214.217285
2028,-6558636454.388184,-19875905843.26953
2029,-6482314943.157715,-20032694146.702637
2030,-6406502283.431641,-21671657532.06836
2031,-6365253244.314453,-20541521652.8125
2032,-6311260185.2109375,-21050824390.99121
2033,-6235112205.504883,-20805862472.526367
2034,-6140735406.3984375,-22381791148.765625
2035,-6032514349.550781,-22737969198.11035
