year,difference
2024,383899428.06357706
2025,832836789.2766489
2026,1234990696.2071996
2027,1673156746.4616437
2028,2067109462.672806
