year,per_child_phase_in_impact,lower_phase_in_impact
2024,5250823315.364461,1710332994.9242392
2025,4963149479.115512,1643357200.5457652
2026,892171808.6672064,535665038.2012135
2027,852409454.181111,513550842.7778214
2028,816140646.5593486,493365419.368433
2029,780998790.7665856,473643200.9321354
2030,748695384.7776093,457730385.6441586
2031,716368396.612888,436663761.5216573
2032,685661674.8205695,418745755.191126
2033,654657456.788238,399269498.8053158
