Decile,Average Income Change
1,0.0
2,0.0
3,0.0
4,0.0
5,0.0
6,0.0
7,0.0
8,0.0
9,-6.73497988787043
10,-51204.50957144633
