{
  "budget": {
    "baseline_net_income": 15523796019610.658,
    "benefit_spending_impact": 0.0,
    "budgetary_impact": -51428782939.27734,
    "households": 135083926.54641724,
    "state_tax_revenue_impact": -249933978.418396,
    "tax_revenue_impact": -51428782939.27734
  },
  "cliff_impact": null,
  "constituency_impact": null,
  "country_package_version": "1.425.4",
  "decile": {
    "average": {
      "1": 495.78287788869017,
      "2": 519.8089808684629,
      "3": 609.3977986387442,
      "4": 687.4364331951335,
      "5": 703.4566095648415,
      "6": 549.045651025448,
      "7": 336.1788932935595,
      "8": 245.96930770455802,
      "9": -208.5134521485653,
      "10": -611.5139506336782
    },
    "relative": {
      "1": 0.02306347247558095,
      "2": 0.01110355710052589,
      "3": 0.009628215911795045,
      "4": 0.008663891675858081,
      "5": 0.007294046938587845,
      "6": 0.00477968017093694,
      "7": 0.0024644877404590066,
      "8": 0.0014899061991092777,
      "9": -0.0009905713245047095,
      "10": -0.0015725342559676201
    }
  },
  "detailed_budget": {},
  "inequality": {
    "gini": {
      "baseline": 0.3852813064985101,
      "reform": 0.3806436318261329
    },
    "top_10_pct_share": {
      "baseline": 0.29889688291559424,
      "reform": 0.2982014052406313
    },
    "top_1_pct_share": {
      "baseline": 0.07377542890380813,
      "reform": 0.0735856076247919
    }
  },
  "intra_decile": {
    "all": {
      "Gain less than 5%": 0.17515301699664176,
      "Gain more than 5%": 0.15674107787471495,
      "Lose less than 5%": 0.1033312520748854,
      "Lose more than 5%": 0.008671601975920653,
      "No change": 0.5561030510778371
    },
    "deciles": {
      "Gain less than 5%": [
        0.05778133442322086,
        0.11988915822191934,
        0.14730270259357264,
        0.20647745479593638,
        0.2723819423991412,
        0.29855296009127935,
        0.2834128240665034,
        0.19245829887743507,
        0.11024673264556678,
        0.06302676185184286
      ],
      "Gain more than 5%": [
        0.29775375843478424,
        0.26770263691767715,
        0.2828767422734911,
        0.25544723476488956,
        0.21358339567425355,
        0.134764589676785,
        0.0578956407052289,
        0.04552504723668627,
        0.011861733063353986,
        0.0
      ],
      "Lose less than 5%": [
        0.005712435967656479,
        0.03108249560407868,
        0.045823537217713366,
        0.053176714174648386,
        0.03874203480609095,
        0.053609600513906626,
        0.06847512223714557,
        0.10619067143161798,
        0.29861533920765104,
        0.33188456958834495
      ],
      "Lose more than 5%": [
        0.011573392900335586,
        0.03057150508378442,
        0.021624774648998257,
        0.006938559363063678,
        0.0025754068762846197,
        0.0,
        0.0,
        0.0,
        0.007291675322614475,
        0.00614070556412549
      ],
      "No change": [
        0.6271790782740029,
        0.5507542041725404,
        0.5023722432662246,
        0.477960036901462,
        0.4727172202442297,
        0.513072849718029,
        0.590216412991122,
        0.6558259824542607,
        0.5719845197608138,
        0.5989479629956868
      ]
    }
  },
  "intra_wealth_decile": null,
  "labor_supply_response": {
    "decile": {
      "average": {
        "income": {
          "-1": 0.0,
          "1": 0.0,
          "2": 0.0,
          "3": 0.0,
          "4": 0.0,
          "5": 0.0,
          "6": 0.0,
          "7": 0.0,
          "8": 0.0,
          "9": 0.0,
          "10": 0.0
        },
        "substitution": {
          "-1": 0.0,
          "1": 0.0,
          "2": 0.0,
          "3": 0.0,
          "4": 0.0,
          "5": 0.0,
          "6": 0.0,
          "7": 0.0,
          "8": 0.0,
          "9": 0.0,
          "10": 0.0
        }
      },
      "relative": {
        "income": {
          "1": 0.0,
          "2": 0.0,
          "3": 0.0,
          "4": 0.0,
          "5": 0.0,
          "6": 0.0,
          "7": 0.0,
          "8": 0.0,
          "9": 0.0,
          "10": 0.0
        },
        "substitution": {
          "1": 0.0,
          "2": 0.0,
          "3": 0.0,
          "4": 0.0,
          "5": 0.0,
          "6": 0.0,
          "7": 0.0,
          "8": 0.0,
          "9": 0.0,
          "10": 0.0
        }
      }
    },
    "hours": {
      "baseline": 6044463234.785506,
      "change": 0.0,
      "income_effect": 0.0,
      "reform": 6044463234.785506,
      "substitution_effect": 0.0
    },
    "income_lsr": 0.0,
    "relative_lsr": {
      "income": 0.0,
      "substitution": 0.0
    },
    "revenue_change": 0.0,
    "substitution_lsr": 0.0,
    "total_change": 0.0
  },
  "poverty": {
    "deep_poverty": {
      "adult": {
        "baseline": 0.04877724520998082,
        "reform": 0.04619594119469893
      },
      "all": {
        "baseline": 0.042327592545706644,
        "reform": 0.03834977346304493
      },
      "child": {
        "baseline": 0.03732424199336682,
        "reform": 0.025366146801754374
      },
      "senior": {
        "baseline": 0.02661632229646814,
        "reform": 0.025983686375983903
      }
    },
    "poverty": {
      "adult": {
        "baseline": 0.1203669189599689,
        "reform": 0.11373891784397941
      },
      "all": {
        "baseline": 0.12255758377532289,
        "reform": 0.11331034352912674
      },
      "child": {
        "baseline": 0.1223909182762828,
        "reform": 0.09629504157087776
      },
      "senior": {
        "baseline": 0.1297195559261145,
        "reform": 0.12858671390011436
      }
    }
  },
  "poverty_by_gender": {
    "deep_poverty": {
      "female": {
        "baseline": 0.04182142114810037,
        "reform": 0.03794405181204576
      },
      "male": {
        "baseline": 0.04286222828524345,
        "reform": 0.03877831070547671
      }
    },
    "poverty": {
      "female": {
        "baseline": 0.12661741645252855,
        "reform": 0.11613166487090429
      },
      "male": {
        "baseline": 0.1182694480646957,
        "reform": 0.11033036633332814
      }
    }
  },
  "poverty_by_race": {
    "poverty": {
      "black": {
        "baseline": 0.2016818214994094,
        "reform": 0.17798804551418848
      },
      "hispanic": {
        "baseline": 0.19290888990317176,
        "reform": 0.17387820943485013
      },
      "other": {
        "baseline": 0.13832957619653782,
        "reform": 0.13206496586280567
      },
      "white": {
        "baseline": 0.08426664258640873,
        "reform": 0.08027099462220773
      }
    }
  },
  "wealth_decile": null
}