,Static Impact,Dynamic Impact
2026,-193138841785.60156,-217356227070.40967
2027,-194460323916.40137,-218397628470.26318
2028,-195471314129.7412,-219703808169.57422
2029,-196283070192.29443,-216627811617.44482
2030,-197045809970.35547,-219232070669.3506
2031,-197098122949.13916,-224785788975.60498
2032,-196279472133.1787,-227413563282.09863
2033,-194686053663.4795,-225610450277.7915
2034,-193069492933.81836,-227545697261.792
2035,-189996522452.6123,-230367257208.51172
