Year,Budgetary Impact
2026,-93467799629.98828
2027,-96810364950.26514
2028,-95475415012.12012
2029,-97888295578.53516
2030,-97841598248.82227
2031,-100265266755.81348
2032,-99055159267.96533
2033,-101078701297.22852
2034,-99763416803.51074
2035,-102655575125.43213
