Year,Budgetary Impact
2026,-113443058010.38525
2027,-116917420275.06738
2028,-115483459551.44727
2029,-118023403343.2334
2030,-117954640627.83398
2031,-120339708164.2998
2032,-119068772615.61719
2033,-121038947456.34717
2034,-127727125431.44092
2035,-122594164546.56543
