Year,Budgetary Impact
2026,-154164001783.69482
2027,-157864084761.3623
2028,-164597276521.37793
2029,-167287528290.4707
2030,-175556385052.03516
2031,-169573356121.84375
2032,-176599302199.34863
2033,-178463440201.4834
2034,-177017552448.71387
2035,-180123710118.63232
