decile,pct_winners,pct_losers,pct_no_change,pct_gain_5plus,pct_gain_less5,pct_lose_less5,pct_lose_5plus,avg_income_change,avg_pct_change,total_households,total_weight
1,0.0,91.09193682670593,8.908059448003769,0.0,0.0,91.09193682670593,0.0,-843.2956,-0.9818032,11,12.147097
3,0.0,100.0,0.0,0.0,0.0,100.0,0.0,-2885.275,-1.8593683,4,1.2012146
4,81.19931221008301,18.80069077014923,0.0,0.0,81.19931221008301,18.80069077014923,0.0,405.6795,0.28153995,5,4.719327
5,0.0,100.0,0.0,0.0,0.0,13.332578539848328,86.66741847991943,-13786.661,-4.956941,19,4.345521
6,0.0,100.0,0.0,0.0,0.0,100.0,0.0,-10242.691,-3.4514434,2,4.329667
7,0.0,100.0,0.0,0.0,0.0,65.66666960716248,34.33331847190857,-27630.143,-5.3892775,35,4.7976923
8,0.00010211203971266514,99.9998927116394,0.0,0.0,0.00010211203971266514,99.99969005584717,0.00020922273051837692,-15151.477,-2.3838534,11,11.462511
10,0.010642712732078508,99.98936057090759,0.0,0.0,0.010642712732078508,99.98936057090759,0.0,-29432.863,-3.5888631,23,1.2950044
