Year,Budgetary Impact
2025,0
2026,17490026210.038574
2027,17455865752.90918
2028,18374215416.475098
2029,20495390476.25879
2030,18264041895.097168
2031,18481984025.4541
2032,18800456655.42285
2033,19521407299.953125
2034,20102705428.939453
2035,26163378555.51367
