Year,Budgetary Impact
2026,-17490026210.038574
2027,-17455865752.90918
